{
  "ids": {
    "Klima": 4
  },
  "models": {
    "Klima": {
      "1": "{\"id\":\"1\",\"MinTemp\":25,\"MaxValue\":48.394399833805814,\"Temp\":48.394399833805814,\"Potrosnja\":1377,\"VremeRada\":27}",
      "2": "{\"MinTemp\":23.35048921140758,\"MaxValue\":25,\"Temp\":23.35048921140758,\"Potrosnja\":0,\"VremeRada\":0,\"id\":\"2\"}",
      "3": "{\"MinTemp\":22.35048921140758,\"MaxValue\":25,\"Temp\":22.35048921140758,\"Potrosnja\":0,\"VremeRada\":0,\"id\":\"3\"}"
    }
  }
}