{
  "ids": {
    "Klima": 4
  },
  "models": {
    "Klima": {
      "1": "{\"id\":\"1\",\"MinTemp\":16.36919091675503,\"MaxValue\":63.36919091675503,\"Temp\":55.36919091675503,\"Potrosnja\":2754,\"VremeRada\":54}",
      "2": "{\"MinTemp\":23.35048921140758,\"MaxValue\":25,\"Temp\":23.35048921140758,\"Potrosnja\":0,\"VremeRada\":0,\"id\":\"2\"}",
      "3": "{\"MinTemp\":22.35048921140758,\"MaxValue\":25,\"Temp\":22.35048921140758,\"Potrosnja\":0,\"VremeRada\":0,\"id\":\"3\"}"
    }
  }
}