{
  "ids": {
    "Osvezavac": 4
  },
  "models": {
    "Osvezavac": {
      "1": "{\"id\":\"1\",\"MinVlaz\":36.094313323593546,\"MaxVlaz\":50,\"Vlaz\":42.094313323593546,\"VremeRada\":21}",
      "2": "{\"MinVlaz\":44.836506116724166,\"MaxVlaz\":50,\"Vlaz\":44.836506116724166,\"VremeRada\":0,\"id\":\"2\"}",
      "3": "{\"MinVlaz\":43.836506116724166,\"MaxVlaz\":50,\"Vlaz\":43.836506116724166,\"VremeRada\":0,\"id\":\"3\"}"
    }
  }
}