{
  "ids": {
    "Osvezavac": 4
  },
  "models": {
    "Osvezavac": {
      "1": "{\"id\":\"1\",\"MinVlaz\":2.0399842357059583,\"MaxVlaz\":178.03998423570596,\"Vlaz\":34.03998423570596,\"VremeRada\":27}",
      "2": "{\"MinVlaz\":44.836506116724166,\"MaxVlaz\":50,\"Vlaz\":44.836506116724166,\"VremeRada\":0,\"id\":\"2\"}",
      "3": "{\"MinVlaz\":43.836506116724166,\"MaxVlaz\":50,\"Vlaz\":43.836506116724166,\"VremeRada\":0,\"id\":\"3\"}"
    }
  }
}