{
  "ids": {
    "Preciscavac": 4
  },
  "models": {
    "Preciscavac": {
      "1": "{\"id\":\"1\",\"MinZag\":100,\"MaxZag\":261.1544871511201,\"Zag\":116.39666041685764,\"VremeRada\":21}",
      "2": "{\"MinZag\":100,\"MaxZag\":157.49460252597027,\"Zag\":154.34471047545085,\"VremeRada\":0,\"id\":\"2\"}",
      "3": "{\"MinZag\":100,\"MaxZag\":157.49460252597027,\"Zag\":151.25781626594184,\"VremeRada\":0,\"id\":\"3\"}"
    }
  }
}